{"train_loss_iter": 0.37291112542152405, "_timestamp": 1688490809.9679224, "_runtime": 7166.643780469894, "_step": 16365, "train_loss_cls": 0.18501855432987213, "train_loss_box_reg": 0.28032299876213074, "train_loss_obj": 0.03164632245898247, "train_loss_rpn": 0.06735116988420486, "train_loss_epoch": 0.5643390253493467, "val_map_05_95": 0.14815809489726045, "val_map_05": 0.2986267367694957, "predictions": {"_type": "images/separated", "width": 5120, "height": 1280, "format": "png", "count": 1, "filenames": ["media/images/predictions_16365_a45bcf8fe491655b5dea.png"]}, "_wandb": {"runtime": 8590}}