{"train_loss_iter": 0.5898528099060059, "_timestamp": 1688515608.0809216, "_runtime": 15206.642619609833, "_step": 35069, "train_loss_cls": 0.11896445602178574, "train_loss_box_reg": 0.19865570962429047, "train_loss_obj": 0.020021067932248116, "train_loss_rpn": 0.05975509434938431, "train_loss_epoch": 0.3973963218917142, "val_map_05_95": 0.17216022715364154, "val_map_05": 0.32742787094929326, "predictions": {"_type": "images/separated", "width": 5120, "height": 1280, "format": "png", "count": 1, "filenames": ["media/images/predictions_35069_f2075eece9f337c90ca3.png"]}, "_wandb": {"runtime": 15206}}