{"train_loss_iter": 0.2747746407985687, "_timestamp": 1688561380.5328677, "_runtime": 20957.85447359085, "_step": 46759, "train_loss_cls": 0.10196585953235626, "train_loss_box_reg": 0.17474427819252014, "train_loss_obj": 0.016815192997455597, "train_loss_rpn": 0.05825834348797798, "train_loss_epoch": 0.35178366947368656, "val_map_05_95": 0.16710419403938034, "val_map_05": 0.3225715930169661, "predictions": {"_type": "images/separated", "width": 5120, "height": 1280, "format": "png", "count": 1, "filenames": ["media/images/predictions_46759_5504b92b723ee7576f2a.png"]}, "_wandb": {"runtime": 20957}}